{"cameraMode":{"drawMode":0,"name":"Shaded","section":"Shading Mode"},"sceneLighting":false,"audioPlay":false,"sceneViewState":{"m_AlwaysRefresh":false,"showFog":true,"showSkybox":false,"showFlares":true,"showImageEffects":true,"showParticleSystems":true,"showVisualEffectGraphs":true,"m_FxEnabled":true},"in2DMode":false,"pivot":{"x":-0.969901978969574,"y":2.123986005783081,"z":-0.5722376108169556},"rotation":{"x":0.005387433338910341,"y":0.06146010011434555,"z":-0.00033170063397847116,"w":0.998091995716095},"size":1.7634921073913575,"orthographic":true}