{"cameraMode":{"drawMode":0,"name":"Shaded","section":"Shading Mode"},"sceneLighting":true,"audioPlay":false,"sceneViewState":{"m_AlwaysRefresh":false,"showFog":true,"showSkybox":true,"showFlares":true,"showImageEffects":true,"showParticleSystems":true,"showVisualEffectGraphs":true,"m_FxEnabled":true},"in2DMode":false,"pivot":{"x":-0.1798456460237503,"y":1.0494464635849,"z":-1.5903152227401734},"rotation":{"x":0.035775940865278247,"y":-0.1089128777384758,"z":-0.003940841648727655,"w":-0.9933708310127258},"size":0.1905256062746048,"orthographic":false}